{"train/loss": 1.5917, "train/learning_rate": 9.999999999999999e-05, "train/epoch": 0.32, "train/global_step": 4, "_timestamp": 1700468865.2917786, "_runtime": 8.563654661178589, "_step": 8, "eval/loss": 1.7438864707946777, "eval/runtime": 0.6771, "eval/samples_per_second": 44.305, "eval/steps_per_second": 5.907, "train/train_runtime": 8.5812, "train/train_samples_per_second": 3.729, "train/train_steps_per_second": 0.466, "train/total_flos": 221300818182144.0, "train/train_loss": 1.748357892036438, "_wandb": {"runtime": 8}}