{"train/loss": 1.5926, "train/learning_rate": 9.999999999999999e-05, "train/epoch": 0.32, "train/global_step": 4, "_timestamp": 1700468827.943376, "_runtime": 15.49948000907898, "_step": 8, "eval/loss": 1.7447047233581543, "eval/runtime": 0.6761, "eval/samples_per_second": 44.37, "eval/steps_per_second": 5.916, "train/train_runtime": 15.5167, "train/train_samples_per_second": 2.062, "train/train_steps_per_second": 0.258, "train/total_flos": 221300818182144.0, "train/train_loss": 1.7487002313137054, "_wandb": {"runtime": 18}}